﻿{"cameraMode":{"drawMode":0,"name":"Shaded","section":"Shading Mode"},"sceneLighting":true,"audioPlay":false,"sceneViewState":{"showFog":true,"showMaterialUpdate":false,"showSkybox":true,"showFlares":true,"showImageEffects":true,"showParticleSystems":true},"in2DMode":false,"pivot":{"x":-18.77228355407715,"y":53.7021484375,"z":-74.81706237792969},"rotation":{"x":0.0035400581546127798,"y":-0.6173664331436157,"z":0.0027786598075181247,"w":0.7866635918617249},"size":114.49911499023438,"orthographic":false}