﻿{"cameraMode":{"drawMode":0,"name":"Shaded","section":"Shading Mode"},"sceneLighting":false,"audioPlay":false,"sceneViewState":{"showFog":true,"showMaterialUpdate":false,"showSkybox":false,"showFlares":true,"showImageEffects":true,"showParticleSystems":true},"in2DMode":false,"pivot":{"x":2.8999998569488527,"y":0.18046855926513673,"z":7.300000190734863},"rotation":{"x":0.16571514308452607,"y":-0.8291485905647278,"z":0.32350581884384158,"w":0.4247301518917084},"size":40.010372161865237,"orthographic":false}