﻿{"cameraMode":{"drawMode":0,"name":"Shaded","section":"Shading Mode"},"sceneLighting":false,"audioPlay":false,"sceneViewState":{"showFog":true,"showMaterialUpdate":false,"showSkybox":false,"showFlares":true,"showImageEffects":true,"showParticleSystems":true},"in2DMode":false,"pivot":{"x":-13.710000038146973,"y":0.6399999856948853,"z":2.7249999046325685},"rotation":{"x":0.0023230707738548519,"y":-0.9415601491928101,"z":0.33677735924720766,"w":0.0064953467808663849},"size":3.6083731651306154,"orthographic":false}