﻿{"cameraMode":{"drawMode":0,"name":"Shaded","section":"Shading Mode"},"sceneLighting":true,"audioPlay":false,"sceneViewState":{"showFog":true,"showMaterialUpdate":false,"showSkybox":false,"showFlares":true,"showImageEffects":true,"showParticleSystems":true},"in2DMode":false,"pivot":{"x":-0.04253329336643219,"y":0.07457177340984345,"z":-0.031622983515262607},"rotation":{"x":0.10114286094903946,"y":-0.8582661747932434,"z":0.1856267899274826,"w":0.46764591336250307},"size":3.3420774936676027,"orthographic":false}